random_id,participant_id,n
p1ap86fhd84,duck,1001
p2h35xrhv75,pony,1001
p3jrtd2k7rr,penguin,1001
p58tn73t71r,ladybug,1001
p5zqt6lrnns,squirrel,1001
p6ouux4lny9,tiger,1001
p6qe0b2olsa,wolf,1001
p6sz768hl6f,seal,1001
p6v1dtywj48,cub,1001
p7hgsjfsstb,lynx,1001
p8qo11rlu1a,camel,1001
p9mh6plr0u7,whale,1001
p9qj0myo8ft,turtle,1001
p9xsj08x5pv,goldfish,1001
pa5xtfb7nz2,sloth,1001
pa8f83anjwk,elk,1001
pcrnr1osu7h,giraffe,1001
pd782474r7n,swan,1001
pdt8l2wq3fy,fawn,1001
pe3qt92wz78,wallaby,1001
pew3jkp1w0w,raccoon,1001
pf3abh3rob2,otter,1001
pfusyzqztru,meerkat,1001
pgzvut51vf0,gazelle,1001
phbf034g6t6,lion,1001
phwtws43a2j,antelope,1001
pjvh8pgrgmo,bear,1001
pk8chspcusg,tortoise,1001
pkexwy3ddh4,calf,1001
pl5vymtxjjl,lemur,1001
pmp97ju3xbt,sheep,1001
pobx0qoju5t,panda,1001
potttr9tecm,rabbit,1001
pq1rxk7w7jo,alpaca,1001
pqobvqc3jat,hamster,1001
pr53p8bf9od,gecko,1001
prkw2s1ha2b,owl,1001
psm2bkje7mx,manatee,1001
pssvz2ql31k,bunny,1001
ptwkzl2mfvr,jaguar,1001
pvsufjvyuxu,goose,1001
pvtd02ve3uz,frog,1001
pyq7harcz8f,koala,1001
pz801oke606,mouse,1001
pztax6wgqwg,badger,1001
